{
  "results": [
    {
      "command": "dotnet run --no-build --project SocietalConstructionTool -- \"benchmark/benchmark_files/bm0.sct\"",
      "mean": 1.1046320351799999,
      "stddev": 0.00544081623509251,
      "median": 1.10547146478,
      "user": 1.06883786,
      "system": 0.17058489999999998,
      "min": 1.09325357328,
      "max": 1.1136799742799999,
      "times": [
        1.10571051728,
        1.10819583928,
        1.10523241228,
        1.1082052382799998,
        1.10587719528,
        1.1001195122799998,
        1.1037318082799998,
        1.09325357328,
        1.1136799742799999,
        1.10231428128
      ],
      "exit_codes": [
        0,
        0,
        0,
        0,
        0,
        0,
        0,
        0,
        0,
        0
      ],
      "parameters": {
        "size": "0"
      }
    },
    {
      "command": "dotnet run --no-build --project SocietalConstructionTool -- \"benchmark/benchmark_files/bm1.sct\"",
      "mean": 12.541674811880002,
      "stddev": 0.06614887878563644,
      "median": 12.53303738528,
      "user": 51.38361046,
      "system": 4.5272315999999995,
      "min": 12.44455593328,
      "max": 12.64030941328,
      "times": [
        12.44455593328,
        12.508640251280001,
        12.483765076280001,
        12.590933852280001,
        12.50648638628,
        12.64030941328,
        12.557434519280001,
        12.63292839428,
        12.486897861280001,
        12.56479643128
      ],
      "exit_codes": [
        0,
        0,
        0,
        0,
        0,
        0,
        0,
        0,
        0,
        0
      ],
      "parameters": {
        "size": "1"
      }
    },
    {
      "command": "dotnet run --no-build --project SocietalConstructionTool -- \"benchmark/benchmark_files/bm2.sct\"",
      "mean": 26.038389419779996,
      "stddev": 0.13350028439520117,
      "median": 26.050876250279998,
      "user": 103.99894146,
      "system": 6.852593599999999,
      "min": 25.80013438328,
      "max": 26.22585920728,
      "times": [
        26.22585920728,
        25.99589239328,
        26.031918254279997,
        26.19439146528,
        25.89689563328,
        25.80013438328,
        26.06983424628,
        26.10652204928,
        26.12219582628,
        25.94025073928
      ],
      "exit_codes": [
        0,
        0,
        0,
        0,
        0,
        0,
        0,
        0,
        0,
        0
      ],
      "parameters": {
        "size": "2"
      }
    },
    {
      "command": "dotnet run --no-build --project SocietalConstructionTool -- \"benchmark/benchmark_files/bm3.sct\"",
      "mean": 56.44103612708,
      "stddev": 0.43353245302764126,
      "median": 56.34173316078,
      "user": 212.68608196,
      "system": 12.756606999999999,
      "min": 55.91748062328,
      "max": 57.18059603828,
      "times": [
        57.09127211328,
        56.74505169828,
        57.18059603828,
        56.41051936028,
        56.38511476128,
        56.27997434828,
        55.91748062328,
        56.06899956228,
        56.03300120528,
        56.298351560280004
      ],
      "exit_codes": [
        0,
        0,
        0,
        0,
        0,
        0,
        0,
        0,
        0,
        0
      ],
      "parameters": {
        "size": "3"
      }
    },
    {
      "command": "dotnet run --no-build --project SocietalConstructionTool -- \"benchmark/benchmark_files/bm4.sct\"",
      "mean": 102.74702280648,
      "stddev": 1.8639836411812731,
      "median": 102.99054340728,
      "user": 393.83936616000005,
      "system": 27.075980699999995,
      "min": 99.64100077427999,
      "max": 104.96242937827999,
      "times": [
        103.09453142628,
        104.40522351627999,
        100.13008837628,
        101.54172073128,
        104.52307099728,
        102.12891921827999,
        102.88655538828,
        104.96242937827999,
        104.15668825828,
        99.64100077427999
      ],
      "exit_codes": [
        0,
        0,
        0,
        0,
        0,
        0,
        0,
        0,
        0,
        0
      ],
      "parameters": {
        "size": "4"
      }
    },
    {
      "command": "dotnet run --no-build --project SocietalConstructionTool -- \"benchmark/benchmark_files/bm5.sct\"",
      "mean": 204.14134451898002,
      "stddev": 2.359583721625668,
      "median": 204.28840158728002,
      "user": 802.1989476599999,
      "system": 44.41803840000001,
      "min": 200.86525051728,
      "max": 207.56771586228,
      "times": [
        206.80520498028,
        200.86525051728,
        202.96738950428002,
        201.51185842628,
        204.88082756128,
        201.72461188228002,
        203.69597561328,
        205.05716028528002,
        206.33745055728002,
        207.56771586228
      ],
      "exit_codes": [
        0,
        0,
        0,
        0,
        0,
        0,
        0,
        0,
        0,
        0
      ],
      "parameters": {
        "size": "5"
      }
    }
  ]
}
