{
  "results": [
    {
      "command": "dotnet run --no-build --project SocietalConstructionTool -- \"benchmark/benchmark_files/bm0.sct\"",
      "mean": 1.09484683142,
      "stddev": 0.006657624668359327,
      "median": 1.0922443730199998,
      "user": 1.0683235599999998,
      "system": 0.16095424,
      "min": 1.08807398402,
      "max": 1.1049327090199998,
      "times": [
        1.1049327090199998,
        1.09020277102,
        1.1015324440199998,
        1.0899798430199998,
        1.08949214602,
        1.0980639320199999,
        1.08821965702,
        1.08807398402,
        1.0942859750199998,
        1.1036848530199999
      ],
      "exit_codes": [
        0,
        0,
        0,
        0,
        0,
        0,
        0,
        0,
        0,
        0
      ],
      "parameters": {
        "size": "0"
      }
    },
    {
      "command": "dotnet run --no-build --project SocietalConstructionTool -- \"benchmark/benchmark_files/bm1.sct\"",
      "mean": 2.79143215932,
      "stddev": 0.036819998484541906,
      "median": 2.79944160202,
      "user": 2.7591113599999995,
      "system": 0.18792663999999998,
      "min": 2.7244616030200004,
      "max": 2.8571461840200003,
      "times": [
        2.75372127802,
        2.79673028302,
        2.8021529210200002,
        2.7244616030200004,
        2.7625835100200002,
        2.7889165890200003,
        2.8571461840200003,
        2.80684722402,
        2.8105687510200004,
        2.81119325002
      ],
      "exit_codes": [
        0,
        0,
        0,
        0,
        0,
        0,
        0,
        0,
        0,
        0
      ],
      "parameters": {
        "size": "1"
      }
    },
    {
      "command": "dotnet run --no-build --project SocietalConstructionTool -- \"benchmark/benchmark_files/bm2.sct\"",
      "mean": 4.534961290819999,
      "stddev": 0.059365292573085315,
      "median": 4.52934726252,
      "user": 4.497453360000001,
      "system": 0.19079194,
      "min": 4.41606404402,
      "max": 4.60885320502,
      "times": [
        4.529732464019999,
        4.51998329002,
        4.579945900019999,
        4.49461184002,
        4.52896206102,
        4.41606404402,
        4.60391959402,
        4.575147311019999,
        4.4923931990199995,
        4.60885320502
      ],
      "exit_codes": [
        0,
        0,
        0,
        0,
        0,
        0,
        0,
        0,
        0,
        0
      ],
      "parameters": {
        "size": "2"
      }
    },
    {
      "command": "dotnet run --no-build --project SocietalConstructionTool -- \"benchmark/benchmark_files/bm3.sct\"",
      "mean": 8.51702878522,
      "stddev": 0.4411837440405476,
      "median": 8.321401918520001,
      "user": 8.436018359999998,
      "system": 0.21968503999999997,
      "min": 8.214635834020001,
      "max": 9.37326492102,
      "times": [
        8.214635834020001,
        8.236046012020001,
        8.381113669020001,
        9.37326492102,
        8.318964860020001,
        9.30700899802,
        8.323838977020001,
        8.22589517402,
        8.30960333002,
        8.47991607702
      ],
      "exit_codes": [
        0,
        0,
        0,
        0,
        0,
        0,
        0,
        0,
        0,
        0
      ],
      "parameters": {
        "size": "3"
      }
    },
    {
      "command": "dotnet run --no-build --project SocietalConstructionTool -- \"benchmark/benchmark_files/bm4.sct\"",
      "mean": 33.80623288722,
      "stddev": 0.9513924024599771,
      "median": 33.549911670520004,
      "user": 30.917894259999997,
      "system": 4.18924774,
      "min": 32.82599773102,
      "max": 36.35488755202,
      "times": [
        33.694526567020006,
        36.35488755202,
        32.82599773102,
        33.397853111020005,
        33.37372101102,
        34.08528359902,
        33.75613389402,
        33.52330453702,
        33.576518804020004,
        33.47410206602
      ],
      "exit_codes": [
        0,
        0,
        0,
        0,
        0,
        0,
        0,
        0,
        0,
        0
      ],
      "parameters": {
        "size": "4"
      }
    },
    {
      "command": "dotnet run --no-build --project SocietalConstructionTool -- \"benchmark/benchmark_files/bm5.sct\"",
      "mean": 70.91685752091999,
      "stddev": 1.6078131899958539,
      "median": 70.51170880101999,
      "user": 67.89500935999999,
      "system": 7.643632939999998,
      "min": 69.29843955902,
      "max": 74.26033068902,
      "times": [
        73.13156294801999,
        70.54728255702,
        69.29843955902,
        71.32499683901999,
        69.37238523702,
        70.48404151502,
        69.76876614902,
        70.44139362902,
        70.53937608701999,
        74.26033068902
      ],
      "exit_codes": [
        0,
        0,
        0,
        0,
        0,
        0,
        0,
        0,
        0,
        0
      ],
      "parameters": {
        "size": "5"
      }
    }
  ]
}
